Feedback,Sentiment
The faculty teaches very well,Positive
Faculty explains concepts clearly,Positive
Teaching methods are excellent,Positive
The teacher is very helpful,Positive
Faculty is knowledgeable and supportive,Positive
Teaching is good but needs more examples,Neutral
Faculty is helpful but practical examples are limited,Neutral
Classes are understandable but require more real-world examples,Neutral
Teaching quality is average,Neutral
Lectures are okay but could be more interactive,Neutral
The teaching quality is poor,Negative
Faculty does not explain concepts clearly,Negative
Classes are boring and difficult to follow,Negative
Teaching methods need improvement,Negative
Faculty is not approachable,Negative
The wifi is very fast,Positive
Internet connectivity is excellent,Positive
Wifi works smoothly throughout the campus,Positive
Network speed is good,Positive
Internet service is reliable,Positive
Wifi works fine most of the time,Neutral
Internet speed is acceptable,Neutral
Network performance is average,Neutral
Wifi is okay but sometimes disconnects,Neutral
The wifi is very slow,Negative
Network issues occur frequently,Negative
Internet connection is unstable,Negative
Wifi coverage is poor,Negative
The network needs improvement,Negative
Hostel facilities are good,Positive
Rooms are clean and comfortable,Positive
Hostel maintenance is excellent,Positive
Hostel environment is pleasant,Positive
Food quality is good in the hostel,Positive
Hostel maintenance is average,Neutral
Rooms are satisfactory,Neutral
Hostel facilities are acceptable,Neutral
Food quality is okay,Neutral
Hostel food quality is poor,Negative
Rooms are not clean,Negative
Hostel maintenance is poor,Negative
Food quality needs improvement,Negative
Hostel facilities are disappointing,Negative
Placement training is excellent,Positive
Many companies visit the campus,Positive
Placement support is very good,Positive
Career guidance sessions are useful,Positive
Placement opportunities are increasing,Positive
More companies should visit campus,Neutral
Placement support is average,Neutral
Training sessions are satisfactory,Neutral
Placement opportunities are limited,Negative
Very few companies visit campus,Negative
Placement training needs improvement,Negative
Career support is poor,Negative
Lab facilities are excellent,Positive
Laboratory equipment is modern,Positive
Practical sessions are useful,Positive
Lab systems work efficiently,Positive
Lab equipment is satisfactory,Neutral
Practical sessions are average,Neutral
Lab facilities are acceptable,Neutral
Lab computers are slow,Negative
Laboratory equipment is outdated,Negative
Systems hang frequently,Negative
Lab maintenance needs improvement,Negative
Library contains useful books,Positive
Library resources are excellent,Positive
The library environment is peaceful,Positive
Books are easily available,Positive
Library facilities are satisfactory,Neutral
More books should be added,Neutral
Library services are average,Neutral
Library resources are outdated,Negative
Required books are unavailable,Negative
Library needs more study materials,Negative
Canteen food is tasty,Positive
Food quality is excellent,Positive
Canteen service is good,Positive
Food options are satisfactory,Neutral
Canteen service is average,Neutral
Food quality is acceptable,Neutral
Food quality is poor,Negative
Canteen hygiene needs improvement,Negative
Food is overpriced,Negative
Transport service is good,Positive
College buses are punctual,Positive
Transport facilities are satisfactory,Neutral
Bus timings are acceptable,Neutral
Transport service is average,Neutral
Bus timings are inconvenient,Negative
Transport facilities need improvement,Negative
College buses are overcrowded,Negative
Sports facilities are excellent,Positive
Sports equipment is good,Positive
Sports facilities are satisfactory,Neutral
More sports events should be organized,Neutral
Sports facilities need improvement,Negative
Sports equipment is outdated,Negative
Classrooms are clean and comfortable,Positive
Classroom environment is good,Positive
Classroom facilities are satisfactory,Neutral
Classrooms are average,Neutral
Classrooms need better maintenance,Negative
Projectors are not working properly,Negative
Infrastructure is excellent,Positive
Campus infrastructure is good,Positive
Infrastructure is satisfactory,Neutral
Campus facilities are average,Neutral
Infrastructure needs improvement,Negative
Buildings require maintenance,Negative
Administrative staff are helpful,Positive
Administration services are efficient,Positive
Administrative support is satisfactory,Neutral
Administration services are average,Neutral
Administrative processes are slow,Negative
Administration needs improvement,Negative